Date,Away,Home,Predicted Favorite,Model Spread,Win Probability
11/28/2023,Georgia Southern,Michigan St.,Michigan St.,-29.0,99.4%
11/28/2023,Cincinnati,Howard,Cincinnati,-12.8,92.4%
11/28/2023,Southern Illinois,Indiana St.,Indiana St.,-1.7,47.9%
11/28/2023,South Carolina St.,Furman,Furman,-21.2,97.2%
11/28/2023,LSU,Syracuse,Syracuse,-0.2,42.3%
11/28/2023,Mississippi St.,Georgia Tech,Mississippi St.,-7.1,82.7%
11/28/2023,Notre Dame,South Carolina,South Carolina,-6.9,68.6%
11/28/2023,Western Carolina,Tennessee Tech,Western Carolina,-4.2,74.3%
11/28/2023,Wagner,Providence,Providence,-19.2,95.0%
11/28/2023,Rider,Maryland,Maryland,-20.8,96.2%
11/28/2023,Charleston Southern,The Citadel,The Citadel,-7.2,74.0%
11/28/2023,William & Mary,Norfolk St.,Norfolk St.,-4.2,58.4%
11/28/2023,Northwestern St.,Louisiana Monroe,Louisiana Monroe,-8.4,79.5%
11/28/2023,Ball St.,Little Rock,Little Rock,-1.9,48.7%
11/28/2023,Miami FL,Kentucky,Kentucky,-7.6,86.1%
11/28/2023,Missouri,Pittsburgh,Pittsburgh,-8.3,75.4%
11/28/2023,Utah St.,Saint Louis,Utah St.,-3.4,71.7%
11/28/2023,Oral Roberts,Kansas St.,Kansas St.,-12.9,86.4%
11/28/2023,Chicago St.,Loyola Chicago,Loyola Chicago,-17.5,94.3%
11/28/2023,Nicholls St.,Baylor,Baylor,-23.7,98.5%
11/28/2023,Eastern Illinois,Kansas,Kansas,-37.0,100.0%
11/28/2023,McNeese St.,UAB,UAB,-10.4,79.5%
11/28/2023,Texas Southern,Purdue,Purdue,-29.7,99.9%
11/28/2023,Jackson St.,Arkansas St.,Arkansas St.,-7.7,72.3%
11/28/2023,Cal St. Bakersfield,Gonzaga,Gonzaga,-31.1,99.9%
11/28/2023,N.C. State,Mississippi,N.C. State,-3.3,71.4%
11/28/2023,Southern,Marquette,Marquette,-28.7,99.4%
11/28/2023,Clemson,Alabama,Alabama,-8.1,83.6%
11/28/2023,Akron,UNLV,UNLV,-2.4,50.7%
11/28/2023,Portland,Portland St.,Portland St.,-5.8,64.7%
11/28/2023,Idaho St.,Pepperdine,Pepperdine,-11.1,82.3%
11/28/2023,UC San Diego*,Washington*,Washington,-14.6,92.1%
11/25/2023,Brown*,UMKC*,Brown*,-5.1,70.5%
11/25/2023,Loyola MD,Missouri,Missouri,-16.1,91.2%
11/25/2023,Jackson St.,Georgetown,Georgetown,-13.8,87.6%
11/25/2023,New Orleans*,North Dakota*,New Orleans*,-0.2,50.8%
11/25/2023,NJIT,Wagner,Wagner,-10.4,84.1%
11/25/2023,Maryland Eastern Shore,Liberty,Liberty,-24.1,98.0%
11/25/2023,Maine,Columbia,Columbia,-2.5,52.1%
11/25/2023,Alabama St.*,Merrimack*,Merrimack*,-5.5,72.9%
11/25/2023,Mercer*,Western Michigan*,Mercer*,-3.7,65.2%
11/25/2023,Middle Tennessee*,Ohio*,Ohio*,-4.3,67.0%
11/25/2023,Northeastern,Princeton,Princeton,-10.6,80.1%
11/25/2023,Evansville*,Southeast Missouri St.*,Evansville*,-6,74.3%
11/25/2023,South Carolina St.,Missouri St.,Missouri St.,-24,98.3%
11/25/2023,Lafayette*,Monmouth*,Monmouth*,-3.6,65.0%
11/25/2023,Miami OH,St. Bonaventure,St. Bonaventure,-11.8,83.0%
11/25/2023,Army,Binghamton,Binghamton,-6.2,67.5%
11/25/2023,East Carolina,George Mason,George Mason,-4.9,60.5%
11/25/2023,Detroit Mercy,SIU Edwardsville,SIU Edwardsville,-1.2,46.2%
11/25/2023,UMBC,William & Mary,William & Mary,-0.7,44.0%
11/25/2023,Canisius*,Western Kentucky*,Western Kentucky*,-5.5,71.0%
11/25/2023,Southern Miss,Milwaukee,Southern Miss,-1.7,65.5%
11/25/2023,Tulsa,Little Rock,Tulsa,-1.1,63.4%
11/25/2023,Texas St.,UT Arlington,UT Arlington,-1.4,46.9%
11/25/2023,St. Thomas,Green Bay,St. Thomas,-5.8,79.6%
11/25/2023,North Carolina A&T,Samford,Samford,-18.2,95.9%
11/25/2023,Lamar,Longwood,Longwood,-9.7,78.4%
11/25/2023,Tennessee Martin,Chicago St.,Tennessee Martin,-3.2,71.1%
11/25/2023,Eastern Michigan,Central Arkansas,Eastern Michigan,-2.1,66.8%
11/25/2023,Alabama*,Oregon*,Alabama*,-3.4,67.0%
11/25/2023,Incarnate Word,UTSA,UTSA,-5.1,65.3%
11/25/2023,Southern,Valparaiso,Valparaiso,-1.2,47.1%
11/25/2023,Niagara,Saint Francis,Niagara,-4.3,74.9%
11/25/2023,Bucknell,Marist,Marist,-7.1,70.5%
11/25/2023,LIU,Northern Kentucky,Northern Kentucky,-13.3,88.2%
11/25/2023,Fairleigh Dickinson*,Jacksonville*,Jacksonville*,-0.5,52.3%
11/25/2023,Howard,Mount St. Mary's,Mount St. Mary's,-1.5,47.3%
11/25/2023,UNC Wilmington,Florida Gulf Coast,Florida Gulf Coast,-2.6,51.2%
11/25/2023,UNC Asheville*,Wofford*,Wofford*,-0.4,51.7%
11/25/2023,Belmont,Penn,Penn,-2.6,51.3%
11/25/2023,UNC Greensboro*,Delaware*,UNC Greensboro*,-2.2,58.8%
11/25/2023,Delaware St.*,Bethune Cookman*,Bethune Cookman*,-0.8,54.0%
11/25/2023,Furman,UAB,UAB,-4.4,59.4%
11/25/2023,Georgia St.,Charlotte,Charlotte,-4.6,59.3%
11/25/2023,Ohio St.*,Santa Clara*,Ohio St.*,-6.7,77.0%
11/25/2023,Illinois Chicago*,George Washington*,George Washington*,-0.7,53.0%
11/25/2023,Texas Southern,Drake,Drake,-14,87.8%
11/25/2023,Lipscomb*,Bowling Green*,Lipscomb*,-4.8,68.9%
11/25/2023,Holy Cross,St. John's,St. John's,-22.5,97.2%
11/25/2023,Norfolk St.,Wichita St.,Wichita St.,-14.1,87.8%
11/25/2023,South Alabama,Maryland,Maryland,-15.4,91.0%
11/25/2023,UTEP,Loyola Marymount,Loyola Marymount,-3.4,54.8%
11/25/2023,Alabama A&M,Cleveland St.,Cleveland St.,-16.6,93.9%
11/25/2023,Queens,Richmond,Richmond,-13.5,86.8%
11/25/2023,California*,San Diego St.*,San Diego St.*,-13.8,92.1%
11/25/2023,Arkansas St.*,UT Rio Grande Valley*,Arkansas St.*,-6.4,75.7%
11/25/2023,North Dakota St.,Grand Canyon,Grand Canyon,-11.3,81.9%
11/25/2023,Vermont,Bradley,Bradley,-2.9,53.2%
11/25/2023,Dartmouth,Saint Louis,Saint Louis,-17.5,93.7%
11/25/2023,Northern Illinois,DePaul,DePaul,-5,61.0%
11/25/2023,Hawaii*,San Diego*,Hawaii*,-3.5,64.0%
11/24/2023,UNC Greensboro*,UMKC*,UNC Greensboro*,-13.5,90.6%
11/24/2023,Texas A&M*,Florida Atlantic*,Texas A&M*,-5.2,72.8%
11/24/2023,Mercer*,Tennessee St.*,Tennessee St.*,-2,58.1%
11/24/2023,Bryant,Xavier,Xavier,-13.6,88.5%
11/24/2023,Arkansas*,North Carolina*,North Carolina*,-2.3,62.0%
11/24/2023,Jacksonville St.,UTSA,Jacksonville St.,-1.3,63.9%
11/24/2023,Charleston Southern,Wake Forest,Wake Forest,-21.3,96.8%
11/24/2023,Brown*,Delaware*,Delaware*,-4.8,68.8%
11/24/2023,Penn St.*,Butler*,Penn St.*,-0.6,52.7%
11/24/2023,Manhattan,Connecticut,Connecticut,-28,99.4%
11/24/2023,Lipscomb*,UNC Asheville*,Lipscomb*,-2.8,61.1%
11/24/2023,LIU*,Texas A&M Corpus Chris*,Texas A&M Corpus Chris*,-5.1,72.6%
11/24/2023,Alabama St.*,North Carolina A&T*,Alabama St.*,-3.6,67.6%
11/24/2023,Evansville,Chattanooga,Chattanooga,-7,68.7%
11/24/2023,Arkansas Pine Bluff,Ball St.,Ball St.,-13.1,90.4%
11/24/2023,Belmont*,Monmouth*,Belmont*,-3.7,64.7%
11/24/2023,Indiana St.*,Toledo*,Toledo*,-2.9,61.9%
11/24/2023,Nicholls St.,Mississippi St.,Mississippi St.,-20.2,96.1%
11/24/2023,Southeastern Louisiana*,Western Michigan*,Western Michigan*,-2.4,60.6%
11/24/2023,Delaware St.,Longwood,Longwood,-17.6,94.9%
11/24/2023,Oregon St.*,Pittsburgh*,Pittsburgh*,-11.1,86.5%
11/24/2023,Memphis*,Villanova*,Memphis*,-1.2,56.0%
11/24/2023,USC*,Oklahoma*,USC*,-0.2,51.0%
11/24/2023,Merrimack,Samford,Samford,-7.7,71.4%
11/24/2023,Montana,Houston,Houston,-26,100.4%
11/24/2023,Utah Tech,Washington St.,Washington St.,-13.8,87.4%
11/24/2023,Davidson,Saint Mary's,Saint Mary's,-5.6,65.4%
11/24/2023,Jacksonville,Robert Morris,Robert Morris,-8.1,74.4%
11/24/2023,Rice*,UC Irvine*,UC Irvine*,-8.9,81.1%
11/24/2023,Middle Tennessee*,Illinois Chicago*,Middle Tennessee*,-2.6,60.2%
11/24/2023,Lafayette,Penn,Penn,-10.2,80.2%
11/24/2023,Canisius*,Wofford*,Wofford*,-1.1,54.6%
11/24/2023,Winthrop,Georgia,Georgia,-5.5,62.9%
11/24/2023,Grambling St.,Troy,Troy,-9.7,80.3%
11/24/2023,Baylor*,Florida*,Baylor*,-7.4,81.6%
11/24/2023,Iowa St.*,Virginia Tech*,Iowa St.*,-1.4,57.3%
11/24/2023,Texas Tech*,Michigan*,Michigan*,-4.5,70.7%
11/24/2023,Seton Hall*,Iowa*,Iowa*,-2.8,63.4%
11/24/2023,Southern Indiana,Duke,Duke,-32.4,99.9%
11/24/2023,Bethune Cookman*,Lamar*,Lamar*,-3.1,64.0%
11/24/2023,Pepperdine*,New Mexico*,New Mexico*,-9.1,82.3%
11/24/2023,Alabama*,Ohio St.*,Alabama*,-7.4,82.6%
11/24/2023,George Washington*,Ohio*,Ohio*,-2.7,61.0%
11/24/2023,Lehigh,Providence,Providence,-19.3,95.1%
11/24/2023,Marshall,Kentucky,Kentucky,-20.4,97.7%
11/24/2023,Youngstown St.,Dayton,Dayton,-17.6,93.4%
11/24/2023,New Hampshire,Fairfield,Fairfield,-0.8,44.2%
11/24/2023,Western Kentucky*,Bowling Green*,Western Kentucky*,-8.4,79.9%
11/24/2023,Alabama A&M*,East Tennessee St.*,East Tennessee St.*,-9.1,84.7%
11/24/2023,Vanderbilt*,Arizona St.*,Arizona St.*,-1.7,56.9%
11/24/2023,VCU*,Boise St.*,VCU*,-0.8,53.5%
11/24/2023,Houston Christian,Oklahoma St.,Oklahoma St.,-26.2,99.0%
11/24/2023,Hawaii*,UT Rio Grande Valley*,Hawaii*,-12.5,89.3%
11/24/2023,North Florida,LSU,LSU,-21,96.3%
11/24/2023,Alcorn St.,Clemson,Clemson,-23.5,97.7%
11/24/2023,Northern Iowa*,Stanford*,Stanford*,-6,72.9%
11/24/2023,Western Illinois,Illinois,Illinois,-27.4,99.0%
11/24/2023,Oregon*,Santa Clara*,Oregon*,-8.8,83.5%
11/24/2023,Le Moyne,Pacific,Pacific,-6.7,69.2%
11/24/2023,Mississippi Valley St.,Cal St. Northridge,Cal St. Northridge,-13.9,97.0%
11/24/2023,N.C. State*,BYU*,BYU*,-4.5,71.5%
11/24/2023,Arkansas St.*,San Diego*,San Diego*,-1.5,56.1%
11/23/2023,Penn St.*,Texas A&M*,Texas A&M*,-4.7,70.8%
11/23/2023,Texas Tech*,Northern Iowa*,Texas Tech*,-10.7,86.3%
11/23/2023,Loyola Chicago*,Boston College*,Boston College*,-0.6,52.2%
11/23/2023,Florida Atlantic*,Butler*,Florida Atlantic*,-0.5,52.3%
11/23/2023,Villanova*,North Carolina*,North Carolina*,-3.4,67.2%
11/23/2023,Oklahoma*,Iowa*,Iowa*,-2.8,63.4%
11/23/2023,Colorado St.*,Creighton*,Creighton*,-8,83.2%
11/23/2023,Arizona*,Michigan St.*,Arizona*,-5,77.7%
11/23/2023,Arkansas*,Memphis*,Arkansas*,-0.2,50.9%
11/23/2023,Seton Hall*,USC*,USC*,-1.3,56.3%
11/23/2023,Iowa St.*,VCU*,Iowa St.*,-7.6,80.8%
11/23/2023,Stanford*,Michigan*,Michigan*,-8.5,83.3%
11/23/2023,Boise St.*,Virginia Tech*,Virginia Tech*,-6.7,77.5%
11/23/2023,N.C. State*,Vanderbilt*,N.C. State*,-8.4,81.3%
11/23/2023,BYU*,Arizona St.*,BYU*,-9.5,85.2%
11/22/2023,Iona*,Buffalo*,Iona*,-5.3,70.5%
11/22/2023,Appalachian St.*,Murray St.*,Murray St.*,-1.6,56.3%
11/22/2023,Northern Iowa*,North Carolina*,North Carolina*,-15.9,94.7%
11/22/2023,Morgan St.*,Chicago St.*,Chicago St.*,0,50.2%
11/22/2023,Southern Utah*,Texas St.*,Texas St.*,-1.4,55.6%
11/22/2023,Georgia St.,Little Rock,Georgia St.,-2.9,69.7%
11/22/2023,Long Beach St.*,Louisiana*,Long Beach St.*,-2.3,59.2%
11/22/2023,Boston College*,Colorado St.*,Colorado St.*,-6.4,74.9%
11/22/2023,Harvard,Colgate,Colgate,-1.1,45.3%
11/22/2023,Tennessee Tech,Presbyterian,Presbyterian,-2.5,52.1%
11/22/2023,Central Connecticut,Massachusetts,Massachusetts,-16.1,91.6%
11/22/2023,Sam Houston St.*,Grambling St.*,Sam Houston St.*,-9,82.7%
11/22/2023,Texas Tech*,Villanova*,Villanova*,-1.7,58.1%
11/22/2023,Tennessee*,Kansas*,Kansas*,-1.3,57.9%
11/22/2023,Radford*,Northern Colorado*,Radford*,-4.7,68.8%
11/22/2023,Austin Peay*,Sacramento St.*,Sacramento St.*,-0.1,50.6%
11/22/2023,North Alabama,Tennessee Martin,Tennessee Martin,-3.6,56.5%
11/22/2023,Merrimack*,North Carolina A&T*,Merrimack*,-7.8,81.5%
11/22/2023,Mississippi,Temple,Mississippi,-2,66.6%
11/22/2023,McNeese St.,Louisiana Tech,Louisiana Tech,-8,72.0%
11/22/2023,Princeton,Old Dominion,Princeton,-0.7,61.7%
11/22/2023,Creighton*,Loyola Chicago*,Creighton*,-15,94.2%
11/22/2023,Mount St. Mary's,American,American,-1.2,46.1%
11/22/2023,Purdue*,Marquette*,Purdue*,-4.4,73.6%
11/22/2023,Illinois St.*,Wright St.*,Wright St.*,-2.4,59.6%
11/22/2023,Cal St. Bakersfield*,Tarleton St.*,Tarleton St.*,-1.8,57.6%
11/22/2023,Memphis*,Michigan*,Michigan*,-0.6,53.3%
11/22/2023,VMI,Air Force,Air Force,-8.4,76.4%
11/22/2023,The Citadel,Campbell,Campbell,-4.6,61.0%
11/22/2023,Southern Illinois*,New Mexico St.*,Southern Illinois*,-2.4,59.7%
11/22/2023,West Virginia*,Virginia*,Virginia*,-5.5,73.3%
11/22/2023,Texas A&M Corpus Chris,Northern Kentucky,Northern Kentucky,-8,72.7%
11/22/2023,Georgia Tech,Cincinnati,Cincinnati,-8.7,76.6%
11/22/2023,Maine,South Florida,South Florida,-12.7,85.5%
11/22/2023,Baylor*,Oregon St.*,Baylor*,-18.9,96.9%
11/22/2023,Bucknell,St. Bonaventure,St. Bonaventure,-15,89.9%
11/22/2023,Maryland Eastern Shore,Notre Dame,Notre Dame,-17.5,93.9%
11/22/2023,Fairleigh Dickinson,Queens,Queens,-5.3,63.8%
11/22/2023,Indiana St.*,Pepperdine*,Indiana St.*,-0.8,53.2%
11/22/2023,South Carolina St.,Missouri,Missouri,-23.1,98.0%
11/22/2023,East Tennessee St.,Cleveland St.,Cleveland St.,-8.5,74.0%
11/22/2023,High Point*,Hofstra*,Hofstra*,-9.5,82.6%
11/22/2023,Stanford*,Arkansas*,Arkansas*,-8.1,81.9%
11/22/2023,Alabama St.,Samford,Samford,-10.6,81.9%
11/22/2023,Duquesne,Nebraska,Nebraska,-7.3,70.2%
11/22/2023,Idaho,Seattle,Seattle,-15.2,92.2%
11/22/2023,Central Arkansas,Kansas St.,Kansas St.,-22.3,97.1%
11/22/2023,Jacksonville St.,Incarnate Word,Jacksonville St.,-4.8,76.5%
11/22/2023,Alcorn St.,UT Arlington,UT Arlington,-6.2,67.3%
11/22/2023,South Dakota St.,Southern Miss,Southern Miss,-0.3,42.0%
11/22/2023,SMU*,Wisconsin*,Wisconsin*,-4.1,68.4%
11/22/2023,James Madison*,Fresno St.*,James Madison*,-2,58.1%
11/22/2023,Purdue Fort Wayne,San Francisco,San Francisco,-13.6,87.1%
11/22/2023,UC Riverside,Montana St.,Montana St.,-4.4,59.4%
11/22/2023,Florida*,Pittsburgh*,Pittsburgh*,-2,59.1%
11/22/2023,New Mexico*,Rice*,New Mexico*,-10.1,84.3%
11/22/2023,Bradley*,UTEP*,Bradley*,-6.5,74.6%
11/22/2023,Toledo*,UC Irvine*,Toledo*,-0.6,52.6%
11/22/2023,Gonzaga*,UCLA*,Gonzaga*,-6.3,80.9%
11/22/2023,Tulane*,California*,Tulane*,-5.2,70.3%
11/21/2023,Long Beach St.*,Iona*,Long Beach St.,-1.7,56.7%
11/21/2023,FIU*,Loyola Marymount*,Loyola Marymount,-5.3,70.6%
11/21/2023,Binghamton,Sacred Heart,Sacred Heart,-3.4,54.9%
11/21/2023,Appalachian St.*,UNC Wilmington*,UNC Wilmington,-5.8,72.0%
11/21/2023,Prairie View A&M,Eastern Kentucky,Eastern Kentucky,-6.9,69.0%
11/21/2023,Central Michigan*,Stetson*,Stetson,-5.5,72.5%
11/21/2023,Morgan St.*,Radford*,Radford,-12.4,90.1%
11/21/2023,McNeese St.*,Texas St.*,Texas St.,-0.1,50.2%
11/21/2023,Marshall*,Oakland*,Oakland,-0.4,51.4%
11/21/2023,Buffalo*,Louisiana*,Louisiana,-5,69.7%
11/21/2023,Syracuse*,Gonzaga*,Gonzaga,-11.6,91.5%
11/21/2023,Georgia Southern*,Northeastern*,Northeastern,-5.8,72.7%
11/21/2023,Chicago St.*,Northern Colorado*,Northern Colorado,-6.8,77.8%
11/21/2023,Colorado*,Florida St.*,Colorado,-2.6,61.8%
11/21/2023,Southern Utah,Louisiana Tech*,Louisiana Tech,-8.1,72.2%
11/21/2023,North Carolina Central*,The Citadel*,North Carolina Central,-0.8,53.4%
11/21/2023,Illinois St.*,High Point*,Illinois St.,-3.1,62.4%
11/21/2023,Akron*,Drake*,Akron,-1.7,56.9%
11/21/2023,James Madison*,Southern Illinois*,James Madison,-1.3,55.3%
11/21/2023,Kennesaw St.,East Carolina,East Carolina,-9,75.3%
11/21/2023,Richmond*,UNLV*,Richmond,-0.1,50.5%
11/21/2023,Indiana St.*,Rice*,Indiana St.,-2.6,60.6%
11/21/2023,Marist,New Hampshire,New Hampshire,-2.8,52.5%
11/21/2023,UMBC,Maryland,Maryland,-17.6,93.5%
11/21/2023,Eastern Michigan,Detroit Mercy,Detroit Mercy,-6.8,69.1%
11/21/2023,USC Upstate,Ball St.,Ball St.,-4.1,58.7%
11/21/2023,Army,Albany,Albany,-2.4,52.2%
11/21/2023,Lehigh,Monmouth,Monmouth,-2.3,50.6%
11/21/2023,La Salle,Duke,Duke,-26.4,99.7%
11/21/2023,LIU,Columbia,Columbia,-8.1,77.8%
11/21/2023,Boston University,Davidson,Davidson,-13.2,86.1%
11/21/2023,Idaho St.,Campbell,Campbell,-8.4,76.1%
11/21/2023,Utah St.*,Stephen F. Austin*,Utah St.,-2.7,61.2%
11/21/2023,Hofstra*,Wright St.*,Hofstra,-3.9,65.5%
11/21/2023,UAB,Middle Tennessee,UAB,-0.7,61.7%
11/21/2023,Tennessee*,Purdue*,Purdue,-0.8,55.1%
11/21/2023,Western Illinois,Valparaiso,Valparaiso,-2.6,54.3%
11/21/2023,Alabama A&M,Auburn,Auburn,-31,99.6%
11/21/2023,Alcorn St.,TCU,TCU,-26.1,98.8%
11/21/2023,Texas Southern,Oral Roberts,Oral Roberts,-9.8,78.1%
11/21/2023,Fresno St.*,New Mexico St.*,Fresno St.,-2.7,60.9%
11/21/2023,Siena*,Milwaukee*,Milwaukee,-4.5,69.3%
11/21/2023,Pepperdine*,UC Irvine*,UC Irvine,-2.6,60.4%
11/21/2023,Arkansas Pine Bluff,Minnesota,Minnesota,-22.4,97.8%
11/21/2023,Green Bay*,UC Riverside*,UC Riverside,-8.2,82.0%
11/21/2023,Le Moyne,Cal St. Northridge,Cal St. Northridge,-4.6,61.9%
11/21/2023,Kansas*,Marquette*,Kansas,-7.4,85.6%
11/21/2023,New Mexico*,Toledo*,New Mexico,-1.7,57.4%
11/21/2023,Northern Arizona,Hawaii,Hawaii,-15.8,91.2%
11/20/2023,Iona*,High Point*,Iona,-7.6,77.9%
11/20/2023,Oakland*,Loyola Marymount*,Oakland,-0.2,50.8%
11/20/2023,Central Michigan*,Siena*,Central Michigan,-1.1,55.3%
11/20/2023,Southern Miss*,Cal St. Fullerton*,Southern Miss,-3.2,62.8%
11/20/2023,Norfolk St.*,Florida Gulf Coast*,Florida Gulf Coast,-3.6,64.5%
11/20/2023,Drake*,Stephen F. Austin,Drake,-3.6,64.6%
11/20/2023,Milwaukee*,Stetson*,Milwaukee,-0.3,51.4%
11/20/2023,Murray St.*,UNC Wilmington*,UNC Wilmington,-2,58.1%
11/20/2023,Long Beach St.*,Illinois St.*,Long Beach St.,-4.8,68.6%
11/20/2023,Utah Valley*,Cornell*,Cornell,-2.8,61.2%
11/20/2023,Tennessee*,Syracuse*,Tennessee,-11.8,92.0%
11/20/2023,Kennesaw St.*,Northeastern*,Northeastern,-4.2,66.9%
11/20/2023,Cal St. Bakersfield*,Sacramento St.*,Cal St. Bakersfield,-1.3,55.9%
11/20/2023,Hampton*,San Jose St.*,San Jose St.,-4.6,68.5%
11/20/2023,Idaho St.*,The Citadel*,The Citadel,-2.8,62.6%
11/20/2023,Indiana*,Louisville*,Indiana,-5.7,72.8%
11/20/2023,Purdue*,Gonzaga*,Purdue,-0.2,51.2%
11/20/2023,Louisiana*,Wright St.*,Wright St.,-0.4,51.7%
11/20/2023,Austin Peay*,Tarleton St.*,Tarleton St.,-3.1,63.3%
11/20/2023,Marshall*,FIU*,Marshall,-4.9,69.1%
11/20/2023,Florida St.*,UNLV*,Florida St.,-4.7,69.3%
11/20/2023,Kent St.*,Fordham*,Kent St.,-5.7,71.9%
11/20/2023,George Mason*,South Dakota St.*,George Mason,-1,54.1%
11/20/2023,Georgia Southern,East Carolina,East Carolina,-10.5,80.4%
11/20/2023,Virginia*,Wisconsin*,Virginia,-1.7,58.2%
11/20/2023,Morehead St.,Bellarmine,Bellarmine,-2.4,50.8%
11/20/2023,Rider,Stony Brook,Stony Brook,-2.7,52.6%
11/20/2023,Connecticut*,Texas*,Connecticut,-3.5,68.0%
11/20/2023,Delaware St.,NJIT,NJIT,-3.4,62.5%
11/20/2023,Howard,Bryant,Bryant,-7,68.7%
11/20/2023,UMass Lowell,Saint Peter's,UMass Lowell,-2.3,67.6%
11/20/2023,Saint Joseph's,Kentucky,Kentucky,-17.6,96.6%
11/20/2023,Southern Indiana,Bucknell,Bucknell,-2.1,50.8%
11/20/2023,Sam Houston St.,Troy,Troy,-0.2,41.7%
11/20/2023,North Carolina Central,Campbell,Campbell,-6.3,67.3%
11/20/2023,Charleston Southern,Bethune Cookman,Bethune Cookman,-2.8,57.1%
11/20/2023,Utah St.*,Akron*,Utah St.,-1.2,55.0%
11/20/2023,Hofstra*,Buffalo*,Hofstra,-6.1,73.0%
11/20/2023,Central Arkansas,Southeast Missouri St.,Southeast Missouri St.,-4,61.1%
11/20/2023,Abilene Christian*,Missouri St.*,Missouri St.,-5.4,70.9%
11/20/2023,Oregon,Florida A&M,Oregon,-25,99.0%
11/20/2023,New Orleans,Oklahoma St.,Oklahoma St.,-14.8,89.1%
11/20/2023,UTSA,Houston Christian,UTSA,-5.1,77.0%
11/20/2023,South Carolina St.,Tulsa,Tulsa,-15.6,93.1%
11/20/2023,Stonehill,Texas A&M Commerce,Texas A&M Commerce,-6.1,70.5%
11/20/2023,Colorado*,Richmond*,Colorado,-7.9,80.5%
11/20/2023,SMU*,West Virginia*,SMU,-1.3,55.8%
11/20/2023,Charlotte*,UCF*,UCF,-6,73.4%
11/20/2023,Green Bay,Montana St.,Montana St.,-16.1,94.3%
11/20/2023,Mississippi Valley St.,Santa Clara,Santa Clara,-25,99.2%
11/20/2023,Navy,San Diego,San Diego,-6.9,68.9%
11/20/2023,Bradley*,Tulane*,Bradley,-0.3,51.3%
11/20/2023,North Dakota,Pacific,Pacific,-7.7,72.7%
11/20/2023,UCLA*,Marquette*,Marquette,-1.4,57.1%
11/20/2023,California,UTEP,UTEP,-2.2,49.7%
11/19/2023,Wyoming*,Furman*,Furman,-6.9,75.6%
11/19/2023,Drake*,Oakland*,Drake,-4.9,69.1%
11/19/2023,Holy Cross*,IUPUI*,Holy Cross,-3.5,66.9%
11/19/2023,Utah Valley*,Southern Miss*,Southern Miss,-1.7,56.8%
11/19/2023,Prairie View A&M*,Tennessee Martin*,Tennessee Martin,-2.6,60.8%
11/19/2023,Providence*,Georgia*,Providence,-7.7,79.4%
11/19/2023,North Texas*,Towson*,North Texas,-5.2,69.9%
11/19/2023,Mississippi St.,Northwestern,Mississippi St.,-5.7,74.0%
11/19/2023,Charleston,Coastal Carolina,Coastal Carolina,-0.8,44.1%
11/19/2023,Weber St.*,Colgate*,Colgate,-1.2,54.9%
11/19/2023,Eastern Illinois,Miami OH,Miami OH,-8.8,78.9%
11/19/2023,Loyola MD,UMBC,UMBC,-5,62.2%
11/19/2023,Grambling St.,Iowa St.,Iowa St.,-23.8,97.9%
11/19/2023,Boise St.,Clemson,Clemson,-5.8,67.6%
11/19/2023,Connecticut*,Indiana*,Connecticut,-6.2,77.9%
11/19/2023,Manhattan,Central Connecticut,Central Connecticut,-1.2,46.7%
11/19/2023,SIU Edwardsville,South Alabama,South Alabama,-8.3,73.4%
11/19/2023,Lindenwood*,William & Mary*,William & Mary,-8.4,82.5%
11/19/2023,Loyola Marymount*,Stephen F. Austin*,Stephen F. Austin,-0.5,52.1%
11/19/2023,Little Rock,Georgia St.,Georgia St.,-8.3,73.4%
11/19/2023,Northern Kentucky,Cincinnati,Cincinnati,-13.8,88.1%
11/19/2023,Tennessee Tech,Chattanooga,Chattanooga,-10.2,79.3%
11/19/2023,Northeastern,East Carolina,East Carolina,-6.2,65.6%
11/19/2023,Queens,Drexel,Drexel,-8.3,73.2%
11/19/2023,Albany,Quinnipiac,Quinnipiac,-8.7,76.0%
11/19/2023,Elon*,Winthrop*,Winthrop,-8.7,81.0%
11/19/2023,Cal St. Fullerton*,Cornell*,Cornell,-2.8,61.4%
11/19/2023,Kansas St.*,Miami FL*,Miami FL,-4.6,70.6%
11/19/2023,Yale*,Gardner Webb*,Yale,-6.3,73.7%
11/19/2023,LSU*,Wake Forest*,LSU,-4.4,68.6%
11/19/2023,Rhode Island*,Washington St.*,Washington St.,-6.4,74.0%
11/19/2023,Texas*,Louisville*,Texas,-10.8,87.6%
11/19/2023,Nebraska Omaha,Air Force,Air Force,-6.5,68.7%
11/19/2023,Western Michigan,Ohio St.,Ohio St.,-22.2,97.1%
11/19/2023,American,Georgetown,Georgetown,-12.2,84.1%
11/19/2023,DePaul*,San Francisco*,San Francisco,-6.4,74.2%
11/19/2023,Marshall*,Utah St.*,Utah St.,-3.5,64.2%
11/19/2023,Wofford,Virginia Tech,Virginia Tech,-17.4,93.8%
11/19/2023,Northern Iowa,South Florida,South Florida,-2.8,52.3%
11/19/2023,Georgia Southern*,Kennesaw St.*,Kennesaw St.,-0.6,52.5%
11/19/2023,Abilene Christian*,Fordham*,Fordham,-0.5,52.0%
11/19/2023,Portland St.*,St. Thomas*,Portland St.,-2.7,61.2%
11/19/2023,Charlotte*,George Mason*,George Mason,-1,54.2%
11/19/2023,St. John's*,Utah*,Utah,-2.9,62.9%
11/19/2023,Vermont*,Liberty*,Liberty,-1.8,57.6%
11/19/2023,Jackson St.,Missouri,Missouri,-17.9,93.5%
11/19/2023,Alcorn St.,Michigan St.,Michigan St.,-28.4,99.4%
11/19/2023,UT Arlington,Arizona,Arizona,-27.5,99.9%
11/19/2023,South Carolina*,Grand Canyon*,Grand Canyon,-0.9,53.7%
11/19/2023,Akron*,FIU*,Akron,-11.4,86.8%
11/19/2023,Xavier*,Saint Mary's*,Saint Mary's,-0.5,52.1%
11/19/2023,Kent St.*,Missouri St.*,Missouri St.,-0.2,50.7%
11/19/2023,Wichita St.*,Saint Louis*,Wichita St.,-1.2,55.0%
11/19/2023,UCF*,South Dakota St.*,UCF,-7.9,79.1%
11/19/2023,Cal Poly,Cal Baptist,Cal Baptist,-12.5,87.4%
11/19/2023,Brown,USC,USC,-19,95.3%
11/19/2023,Southern,Illinois,Illinois,-24.8,98.3%
11/19/2023,Dayton*,Houston*,Houston,-12.1,93.7%
11/19/2023,Le Moyne,UC Santa Barbara,UC Santa Barbara,-11.5,83.0%
11/19/2023,Washington*,San Diego St.*,San Diego St.,-4.5,70.5%
11/18/2023,Loyola MD*,Sacred Heart*,Sacred Heart,-1.1,54.5%
11/18/2023,Wagner,Seton Hall,Seton Hall,-19.6,95.4%
11/18/2023,Mississippi St.*,Washington St.*,Mississippi St.,-6.3,75.9%
11/18/2023,Mount St. Mary's,Georgetown,Georgetown,-9.8,77.8%
11/18/2023,Alabama A&M,Lipscomb,Lipscomb,-14.4,91.2%
11/18/2023,Columbia,Temple,Temple,-13.5,87.5%
11/18/2023,Cleveland St.,Eastern Michigan,Cleveland St.,-6.5,80.8%
11/18/2023,New Hampshire,George Washington,George Washington,-7.7,71.1%
11/18/2023,Northern Arizona*,VMI*,Northern Arizona,-0.5,52.1%
11/18/2023,USC Upstate,Minnesota,Minnesota,-14.7,89.1%
11/18/2023,Northwestern St.*,Presbyterian*,Presbyterian,-5.9,75.3%
11/18/2023,Seattle,VCU,VCU,-12,83.7%
11/18/2023,Southern Indiana,La Salle,La Salle,-8.9,76.4%
11/18/2023,Ball St.,Evansville,Ball St.,-2,66.7%
11/18/2023,Princeton,Monmouth,Princeton,-4.4,74.5%
11/18/2023,Detroit Mercy,Ohio,Ohio,-10.2,78.7%
11/18/2023,Little Rock*,Northern Illinois*,Northern Illinois,-2.1,58.5%
11/18/2023,Rhode Island*,Northwestern*,Northwestern,-6.6,74.9%
11/18/2023,North Carolina Central,Longwood,Longwood,-11.7,83.3%
11/18/2023,San Jose St.*,Norfolk St.*,Norfolk St.,-1.2,54.9%
11/18/2023,Coppin St.*,Eastern Illinois*,Eastern Illinois,-3,64.9%
11/18/2023,Marist,Binghamton,Marist,-1.1,63.5%
11/18/2023,Penn,Maryland Eastern Shore,Penn,-9.6,88.0%
11/18/2023,Gardner Webb*,Colgate*,Colgate,-2.9,61.6%
11/18/2023,Nebraska*,Oregon St.*,Nebraska,-6.5,74.4%
11/18/2023,New Orleans,Loyola Chicago,Loyola Chicago,-12,83.6%
11/18/2023,McNeese St.,Western Carolina,Western Carolina,-2.7,51.8%
11/18/2023,Purdue Fort Wayne*,South Dakota*,Purdue Fort Wayne,-0.6,52.4%
11/18/2023,Lamar,Pacific,Pacific,-8.3,75.0%
11/18/2023,Maine,North Florida,North Florida,-2.8,53.9%
11/18/2023,Harvard,Boston College,Boston College,-0.4,42.6%
11/18/2023,IUPUI,Winthrop,Winthrop,-18.8,96.0%
11/18/2023,Cal Poly*,Portland St.*,Portland St.,-9.9,85.3%
11/18/2023,Hampton*,Florida Gulf Coast*,Florida Gulf Coast,-8.3,80.4%
11/18/2023,Howard,Rutgers,Rutgers,-15.7,91.0%
11/18/2023,Yale*,Weber St.*,Yale,-5.3,70.6%
11/18/2023,Fairfield*,Queens*,Fairfield,0,50.0%
11/18/2023,Bryant,Florida Atlantic,Florida Atlantic,-14.3,89.1%
11/18/2023,Navy,UC San Diego,UC San Diego,-3.6,56.2%
11/18/2023,Elon*,Holy Cross*,Elon,-2.1,59.4%
11/18/2023,Southeastern Louisiana,Santa Clara,Santa Clara,-18.7,94.7%
11/18/2023,St. Thomas,Cal Baptist,Cal Baptist,-5.6,63.9%
11/18/2023,Jacksonville St.,North Alabama,Jacksonville St.,-0.5,60.9%
11/18/2023,Incarnate Word,Arkansas Pine Bluff,Arkansas Pine Bluff,-3.4,61.6%
11/18/2023,Texas Southern,Creighton,Creighton,-25,98.7%
11/18/2023,Morgan St.,BYU,BYU,-29.3,99.3%
11/18/2023,Northern Colorado,New Mexico St.,New Mexico St.,-6.9,69.0%
11/18/2023,Portland,Nevada,Nevada,-18.7,94.6%
11/17/2023,Sacred Heart,UMBC,UMBC,-2.9,53.0%
11/17/2023,North Texas*,LSU*,LSU,-6.3,75.0%
11/17/2023,Vermont*,Saint Louis*,Saint Louis,-0.1,50.4%
11/17/2023,Norfolk St.*,Fordham*,Fordham,-0.9,53.6%
11/17/2023,Northern Illinois,Georgia St.,Georgia St.,-7.8,71.3%
11/17/2023,VMI*,South Dakota*,South Dakota,-5.9,74.0%
11/17/2023,St. John's*,Dayton*,Dayton,-1.3,55.8%
11/17/2023,Charleston*,Wyoming*,Charleston,-2.6,60.6%
11/17/2023,Abilene Christian*,San Jose St.*,Abilene Christian,-3.3,63.1%
11/17/2023,Georgia*,Miami FL*,Miami FL,-9.7,85.0%
11/17/2023,Denver,South Alabama,South Alabama,-9.4,77.2%
11/17/2023,Lindenwood*,Nebraska Omaha*,Nebraska Omaha,-5.9,75.9%
11/17/2023,Gardner Webb*,Weber St.*,Weber St.,-3.1,62.3%
11/17/2023,Presbyterian*,Maine*,Presbyterian,-2.6,61.5%
11/17/2023,Purdue Fort Wayne*,Northern Arizona*,Purdue Fort Wayne,-5.3,71.4%
11/17/2023,Houston*,Utah*,Houston,-11.4,93.2%
11/17/2023,Notre Dame*,Oklahoma St.*,Oklahoma St.,-4.5,68.1%
11/17/2023,Quinnipiac,Army,Quinnipiac,-0.6,61.2%
11/17/2023,Holy Cross,Winthrop,Winthrop,-10.6,81.1%
11/17/2023,Hampton*,Kent St.*,Kent St.,-10.1,84.2%
11/17/2023,Delaware St.*,Grambling St.*,Grambling St.,-7.6,81.3%
11/17/2023,Colgate*,Yale*,Yale,-1.9,58.0%
11/17/2023,Kansas St.*,Providence*,Providence,-3,63.4%
11/17/2023,Bucknell,Duke,Duke,-32.2,99.9%
11/17/2023,Coastal Carolina*,Furman*,Furman,-9.2,82.1%
11/17/2023,William & Mary,Air Force,Air Force,-1.3,46.3%
11/17/2023,Utah Tech,Youngstown St.,Youngstown St.,-2.6,52.0%
11/17/2023,Butler,Michigan St.,Michigan St.,-12.4,91.1%
11/17/2023,Rider,Duquesne,Duquesne,-9.1,75.5%
11/17/2023,Robert Morris,Wisconsin,Wisconsin,-20.8,96.4%
11/17/2023,Florida St.,Florida,Florida St.,-1.4,64.4%
11/17/2023,Coppin St.,Miami OH,Miami OH,-9.5,83.1%
11/17/2023,Bellarmine,Bowling Green,Bowling Green,-2.6,52.0%
11/17/2023,Morehead St.,Penn St.,Penn St.,-13,85.9%
11/17/2023,Davidson,East Tennessee St.,Davidson,-9.8,87.7%
11/17/2023,Tennessee Martin,Eastern Kentucky,Eastern Kentucky,-10.8,80.7%
11/17/2023,Auburn*,St. Bonaventure*,Auburn,-8.5,81.7%
11/17/2023,Towson*,Wake Forest*,Wake Forest,-6.6,74.7%
11/17/2023,Fairfield,Drexel,Drexel,-7.7,71.3%
11/17/2023,Central Arkansas,Vanderbilt,Vanderbilt,-19.4,95.4%
11/17/2023,Nicholls St.*,SIU Edwardsville*,Nicholls St.,-2.3,59.8%
11/17/2023,Sacramento St.,Tulane,Tulane,-13.2,86.2%
11/17/2023,Stonehill,Kentucky,Kentucky,-31.7,99.7%
11/17/2023,Northwestern St.,North Florida,North Florida,-8.7,79.7%
11/17/2023,Charleston Southern,N.C. State,N.C. State,-24.5,98.1%
11/17/2023,Radford,James Madison,James Madison,-6.9,68.0%
11/17/2023,Jacksonville,Pittsburgh,Pittsburgh,-16.3,91.4%
11/17/2023,Long Beach St.,Michigan,Michigan,-18.2,95.9%
11/17/2023,Harvard,Massachusetts,Massachusetts,-2,49.2%
11/17/2023,Texas A&M Commerce,Saint Joseph's,Saint Joseph's,-16.3,91.8%
11/17/2023,Elon*,IUPUI*,Elon,-5.4,74.0%
11/17/2023,Cal Poly*,St. Thomas*,St. Thomas,-8.2,81.7%
11/17/2023,South Carolina St.,Samford,Samford,-14.9,92.1%
11/17/2023,UC Riverside,North Carolina,North Carolina,-24,98.4%
11/17/2023,Mississippi Valley St.,TCU,TCU,-35,99.9%
11/17/2023,Oral Roberts,Texas A&M,Texas A&M,-16.1,92.9%
11/17/2023,Alabama St.,Memphis,Memphis,-29,99.3%
11/17/2023,Missouri St.*,Florida Gulf Coast*,Missouri St.,-5.1,69.9%
11/17/2023,UT Rio Grande Valley,Oklahoma,Oklahoma,-23.2,97.5%
11/17/2023,Valparaiso,Illinois,Illinois,-27.5,99.0%
11/17/2023,Mercer,Alabama,Alabama,-21.6,97.6%
11/17/2023,UNC Greensboro,Arkansas,Arkansas,-16.1,94.1%
11/17/2023,Arkansas St.,Iowa,Iowa,-20.9,96.9%
11/17/2023,Southern,Western Illinois,Western Illinois,0,41.8%
11/17/2023,UTSA,Texas St.,Texas St.,-9.2,76.9%
11/17/2023,Maryland,Villanova,Villanova,-2.8,56.3%
11/17/2023,Wichita St.*,Liberty*,Wichita St.,-0.8,53.4%
11/17/2023,Austin Peay,UTEP,UTEP,-11.5,83.2%
11/17/2023,Sam Houston St.,Mississippi,Mississippi,-11.1,81.3%
11/17/2023,Eastern Washington,Stanford,Stanford,-12.4,84.3%
11/17/2023,Tennessee St.,Oregon,Oregon,-18.9,95.7%
11/17/2023,Grand Canyon*,San Francisco*,San Francisco,-1.7,57.3%
11/17/2023,UMKC,Colorado St.,Colorado St.,-18.6,94.3%
11/17/2023,Saint Mary's*,San Diego St.*,San Diego St.,-0.1,50.3%
11/17/2023,Le Moyne,San Diego,San Diego,-8.8,76.0%
11/17/2023,UNLV,Pepperdine,Pepperdine,-0.7,43.8%
11/17/2023,Portland St.,Cal Baptist,Cal Baptist,-3.7,56.0%
11/17/2023,Belmont,Arizona,Arizona,-23.2,99.6%
11/17/2023,DePaul*,South Carolina*,South Carolina,-4.3,66.9%
11/17/2023,Washington*,Xavier*,Xavier,-1.6,57.5%
11/16/2023,Charleston*,Vermont*,Vermont,-4.3,66.8%
11/16/2023,St. John's*,North Texas*,St. John's,-4.2,67.1%
11/16/2023,Saint Louis*,Wyoming*,Saint Louis,-7,75.9%
11/16/2023,Dayton*,LSU*,LSU,-0.8,53.8%
11/16/2023,Maine*,Northwestern St.*,Maine,-3.8,67.7%
11/16/2023,Wichita St.,Coastal Carolina,Wichita St.,-5.6,78.4%
11/16/2023,Denver*,SIU Edwardsville*,SIU Edwardsville,-0.4,51.6%
11/16/2023,Lindenwood,Air Force,Air Force,-11.7,88.1%
11/16/2023,Houston*,Towson*,Houston,-23.7,99.1%
11/16/2023,Oklahoma St.*,St. Bonaventure*,Oklahoma St.,-3.8,65.6%
11/16/2023,Bryant,Boston University,Bryant,-3.4,71.4%
11/16/2023,NJIT,American,American,-9.1,80.5%
11/16/2023,Cal St. Fullerton,UCF,UCF,-12.5,84.7%
11/16/2023,Texas Southern,Virginia,Virginia,-21.1,96.7%
11/16/2023,Furman*,Liberty*,Furman,-1.4,55.9%
11/16/2023,Presbyterian,North Florida,North Florida,-2.3,51.0%
11/16/2023,Wright St.,Indiana,Indiana,-13.6,87.9%
11/16/2023,Louisiana Tech,Louisiana Monroe,Louisiana Tech,-7,82.1%
11/16/2023,Chicago St.,Southern Illinois,Southern Illinois,-17.6,94.1%
11/16/2023,Alcorn St.,UAB,UAB,-18.5,94.3%
11/16/2023,Texas A&M Corpus Chris,Texas Tech,Texas Tech,-23.7,97.8%
11/16/2023,Nicholls St.,South Alabama,South Alabama,-6.7,67.6%
11/16/2023,Jackson St.,Tulsa,Tulsa,-7.9,73.1%
11/16/2023,Utah*,Wake Forest*,Utah,-5.7,73.6%
11/16/2023,Auburn*,Notre Dame*,Auburn,-9.2,83.3%
11/16/2023,UMass Lowell,Arizona St.,Arizona St.,-6.2,66.1%
11/16/2023,Nebraska Omaha*,William & Mary*,William & Mary,-4.6,68.9%
11/16/2023,Missouri,Minnesota,Minnesota,-1.5,47.2%
11/16/2023,UT Arlington,New Mexico,New Mexico,-15.3,90.1%
11/16/2023,North Dakota St.,Montana,Montana,-6.6,67.1%
11/16/2023,Montana St.,California,California,-6.7,67.4%
11/16/2023,Niagara,Hawaii,Hawaii,-8.1,72.6%
11/15/2023,Campbell,Virginia Tech,Virginia Tech,-20.5,96.3%
11/15/2023,Albany,Seton Hall,Seton Hall,-22.5,97.2%
11/15/2023,Denver*,Nicholls St.*,Nicholls St.,-3.9,66.2%
11/15/2023,Coppin St.,Louisville,Louisville,-20.6,96.9%
11/15/2023,Delaware,Delaware St.,Delaware,-14.2,94.1%
11/15/2023,Richmond,Boston College,Richmond,-1.2,63.7%
11/15/2023,Canisius,Cleveland St.,Cleveland St.,-7.3,69.5%
11/15/2023,Radford,VCU,VCU,-9.5,77.1%
11/15/2023,Binghamton,Loyola MD,Loyola MD,-4.2,59.1%
11/15/2023,Central Michigan,South Florida,South Florida,-18.3,94.4%
11/15/2023,Utah Valley,Charlotte,Charlotte,-5.2,61.6%
11/15/2023,Saint Peter's,Fairleigh Dickinson,Saint Peter's,-2.8,69.5%
11/15/2023,Princeton,Duquesne,Duquesne,-1.3,46.1%
11/15/2023,USC Upstate,East Carolina,East Carolina,-13.4,87.0%
11/15/2023,Merrimack,Ohio St.,Ohio St.,-20.2,95.8%
11/15/2023,Evansville,Southeast Missouri St.,Southeast Missouri St.,-3.8,58.7%
11/15/2023,Cornell,George Mason,George Mason,-6.1,65.1%
11/15/2023,Longwood,Maryland Eastern Shore,Longwood,-9.7,88.1%
11/15/2023,Stony Brook,Nebraska,Nebraska,-13.5,86.8%
11/15/2023,Eastern Illinois,Illinois St.,Illinois St.,-13,88.3%
11/15/2023,FIU,Houston Christian,FIU,-8.6,86.5%
11/15/2023,Georgetown,Rutgers,Rutgers,-9.8,79.4%
11/15/2023,Southeastern Louisiana,BYU,BYU,-21.1,96.4%
11/15/2023,Rice,Texas,Texas,-19.2,95.8%
11/15/2023,Tennessee St.,Portland,Portland,-2.4,51.0%
11/15/2023,Northern Arizona,Seattle,Seattle,-13.1,87.5%
11/15/2023,LIU,UCLA,UCLA,-30.8,99.5%
11/15/2023,Pacific,Nevada,Nevada,-13.2,86.6%
11/15/2023,Morgan St.,Fresno St.,Fresno St.,-16.7,93.7%
11/14/2023,North Dakota St.*,UC Davis*,North Dakota St.,-0.2,50.7%
11/14/2023,Wisconsin,Providence,Wisconsin,-0.1,57.5%
11/14/2023,Wofford,Tennessee,Tennessee,-25.2,99.5%
11/14/2023,Bucknell,La Salle,La Salle,-9,76.8%
11/14/2023,Northeastern,Harvard,Harvard,-8,71.9%
11/14/2023,Sacred Heart,Holy Cross,Holy Cross,-0.9,44.9%
11/14/2023,Hofstra,George Washington,George Washington,-0.5,43.1%
11/14/2023,Stonehill,Saint Joseph's,Saint Joseph's,-16.2,92.0%
11/14/2023,IUPUI,Indiana St.,Indiana St.,-11.4,84.4%
11/14/2023,Lipscomb,Tennessee Tech,Tennessee Tech,-2.3,50.4%
11/14/2023,Temple,Drexel,Drexel,-1.5,47.0%
11/14/2023,Bellarmine,Chattanooga,Chattanooga,-8.2,72.8%
11/14/2023,Georgia Southern,Jacksonville,Jacksonville,-2.1,50.1%
11/14/2023,Saint Francis,Penn St.,Penn St.,-23.1,97.6%
11/14/2023,North Carolina A&T,Virginia,Virginia,-29.8,99.4%
11/14/2023,Brown,New Hampshire,Brown,-0.8,62.1%
11/14/2023,Jacksonville St.,West Virginia,West Virginia,-13.9,87.6%
11/14/2023,Mercer,Morehead St.,Morehead St.,-2.8,52.3%
11/14/2023,Mississippi Valley St.,Connecticut,Connecticut,-38.3,100.0%
11/14/2023,Eastern Michigan,Florida Atlantic,Florida Atlantic,-18.4,94.0%
11/14/2023,Toledo,Wright St.,Toledo,-4.7,75.5%
11/14/2023,Florida A&M,Florida,Florida,-22.8,97.6%
11/14/2023,High Point,Queens,Queens,-3.4,55.4%
11/14/2023,Duke*,Michigan St.*,Duke,-3.5,69.6%
11/14/2023,Colgate,Syracuse,Syracuse,-9.5,77.7%
11/14/2023,Wagner,Rhode Island,Rhode Island,-6.2,66.1%
11/14/2023,Bowling Green,Oakland,Oakland,-6.5,67.0%
11/14/2023,North Alabama,Mississippi St.,Mississippi St.,-20.8,96.3%
11/14/2023,UMass Lowell,Georgia Tech,Georgia Tech,-4.5,59.7%
11/14/2023,Boston University,Howard,Howard,-5.4,63.1%
11/14/2023,South Alabama,Alabama,Alabama,-14,90.6%
11/14/2023,Cal St. Northridge,Chicago St.,Cal St. Northridge,-1,62.3%
11/14/2023,Green Bay,Valparaiso,Valparaiso,-7.1,79.6%
11/14/2023,Colorado St.,Northern Colorado,Colorado St.,-9.7,87.5%
11/14/2023,Western Kentucky,Murray St.,Murray St.,-4.1,57.7%
11/14/2023,Detroit Mercy,Mississippi,Mississippi,-13.6,86.9%
11/14/2023,UNC Greensboro,Vanderbilt,Vanderbilt,-4.2,58.2%
11/14/2023,Alcorn St.,Arkansas St.,Arkansas St.,-8.1,74.5%
11/14/2023,Prairie View A&M,Abilene Christian,Abilene Christian,-11.6,83.3%
11/14/2023,Texas A&M,SMU,Texas A&M,-1.1,62.5%
11/14/2023,UT Rio Grande Valley,TCU,TCU,-27,98.9%
11/14/2023,Tarleton St.,Bradley,Bradley,-12,83.4%
11/14/2023,Marquette,Illinois,Illinois,-2.4,57.5%
11/14/2023,Texas St.,Oklahoma,Oklahoma,-13.3,87.2%
11/14/2023,Illinois Chicago,Loyola Chicago,Loyola Chicago,-8.4,73.4%
11/14/2023,Western Michigan,Northwestern,Northwestern,-18.5,94.2%
11/14/2023,UTSA,Lamar,Lamar,-1.1,46.4%
11/14/2023,Santa Clara,Stanford,Stanford,-5.5,63.9%
11/14/2023,South Dakota,DePaul,DePaul,-5.1,61.4%
11/14/2023,Southern Utah,Utah St.,Utah St.,-10.9,80.6%
11/14/2023,Milwaukee,Colorado,Colorado,-18.9,94.9%
11/14/2023,Kansas*,Kentucky*,Kansas,-4.5,75.2%
11/14/2023,UMKC,Baylor,Baylor,-24.4,98.5%
11/14/2023,Appalachian St.,Oregon St.,Oregon St.,-3.7,56.0%
11/14/2023,Jackson St.,Loyola Marymount,Loyola Marymount,-10.5,80.4%
11/14/2023,Iowa,Creighton,Creighton,-3.7,67.1%
11/14/2023,Long Beach St.,San Diego St.,San Diego St.,-15.3,91.5%
11/14/2023,UC Irvine,USC,USC,-15.7,93.1%
11/13/2023,Michigan,St. John's,Michigan,-2.9,69.5%
11/13/2023,Hampton,Norfolk St.,Norfolk St.,-8,72.8%
11/13/2023,Siena,American,American,-3.9,58.6%
11/13/2023,The Citadel,Presbyterian,Presbyterian,-4.2,59.4%
11/13/2023,Florida Gulf Coast,Pittsburgh,Pittsburgh,-9.6,77.4%
11/13/2023,Villanova,Penn,Villanova,-12,91.4%
11/13/2023,East Tennessee St.,Butler,Butler,-14,87.7%
11/13/2023,Quinnipiac,Massachusetts,Massachusetts,-8.2,72.5%
11/13/2023,FIU,Miami FL,Miami FL,-22.6,97.5%
11/13/2023,Central Michigan,Florida St.,Florida St.,-24.9,98.3%
11/13/2023,North Florida,South Carolina St.,North Florida,-7,82.8%
11/13/2023,VMI,South Carolina,South Carolina,-19,94.9%
11/13/2023,Stony Brook,Duquesne,Duquesne,-8.1,72.3%
11/13/2023,Western Carolina,Middle Tennessee,Middle Tennessee,-6.6,67.0%
11/13/2023,Arkansas Pine Bluff,Central Arkansas,Central Arkansas,-3.9,67.8%
11/13/2023,Stephen F. Austin,Northwestern St.,Stephen F. Austin,-9.2,87.2%
11/13/2023,Southern,Arizona,Arizona,-30.4,99.8%
11/13/2023,South Dakota St.,Kansas St.,Kansas St.,-8.6,74.8%
11/13/2023,SIU Edwardsville,Missouri,Missouri,-15.7,90.6%
11/13/2023,Old Dominion,Arkansas,Arkansas,-18.6,96.2%
11/13/2023,Stetson,Houston,Houston,-31.2,100.2%
11/13/2023,Rider,Nebraska,Nebraska,-12.9,85.4%
11/13/2023,Oral Roberts,Missouri St.,Missouri St.,-6.3,66.3%
11/13/2023,Xavier,Purdue,Purdue,-11.2,93.5%
11/13/2023,UC Santa Barbara,UTEP,UC Santa Barbara,-1.7,65.6%
11/13/2023,Cal St. Bakersfield,California,California,-8.8,75.1%
11/13/2023,LIU,Pepperdine,Pepperdine,-15.2,91.2%
11/10/2023,Air Force,LIU,Air Force,-0.6,60.8%
11/10/2023,Central Connecticut,Quinnipiac,Quinnipiac,-10.6,81.9%
11/10/2023,Charlotte*,Liberty*,Liberty,-3.1,62.5%
11/10/2023,Kennesaw St.,Florida St.,Florida St.,-17.9,93.6%
11/10/2023,Charleston*,Duquesne*,Charleston,-1.8,57.3%
11/10/2023,UMass Lowell,Dartmouth,UMass Lowell,-2.6,69.0%
11/10/2023,Jacksonville,Xavier,Xavier,-20.3,95.8%
11/10/2023,Penn,Saint Joseph's,Saint Joseph's,-7.2,69.2%
11/10/2023,Youngstown St.,Michigan,Michigan,-22.1,97.6%
11/10/2023,Le Moyne,Villanova,Villanova,-24.3,98.1%
11/10/2023,Florida*,Virginia*,Virginia,-6.8,78.1%
11/10/2023,Davidson,Maryland,Maryland,-10.3,82.8%
11/10/2023,Princeton,Hofstra,Hofstra,-4.2,58.0%
11/10/2023,Texas A&M Commerce,Kentucky,Kentucky,-31.4,99.8%
11/10/2023,Marshall,Radford,Radford,-0.3,42.0%
11/10/2023,Austin Peay,George Mason,George Mason,-11.4,82.3%
11/10/2023,Chattanooga,Louisville,Louisville,-9.4,76.4%
11/10/2023,USC Upstate,Vanderbilt,Vanderbilt,-15.9,91.1%
11/10/2023,Boston College,The Citadel,Boston College,-6.2,80.0%
11/10/2023,Boston University,Rutgers,Rutgers,-16.6,92.0%
11/10/2023,Troy,Oregon St.,Oregon St.,-6.8,68.3%
11/10/2023,Monmouth,West Virginia,West Virginia,-18.4,94.0%
11/10/2023,Southern Miss,Akron,Akron,-6.8,68.1%
11/10/2023,Morehead St.,Purdue,Purdue,-26.2,99.7%
11/10/2023,Arizona,Duke,Duke,-2.3,89.1%
11/10/2023,UCF,Miami FL,Miami FL,-9.2,81.6%
11/10/2023,Binghamton,Pittsburgh,Pittsburgh,-16.1,91.1%
11/10/2023,Belmont,Furman,Furman,-5.5,63.1%
11/10/2023,Texas A&M,Ohio St.,Ohio St.,-1.5,50.5%
11/10/2023,Samford,VCU,VCU,-11.4,82.1%
11/10/2023,North Carolina A&T,UNC Greensboro,UNC Greensboro,-20.5,96.8%
11/10/2023,Wake Forest,Georgia,Wake Forest,0,59.2%
11/10/2023,Abilene Christian,N.C. State,N.C. State,-11.5,83.4%
11/10/2023,Detroit Mercy,Cincinnati,Cincinnati,-15,89.7%
11/10/2023,Sacred Heart,Iona,Iona,-9.8,77.7%
11/10/2023,Lehigh,Penn St.,Penn St.,-16.7,92.0%
11/10/2023,UTSA,Minnesota,Minnesota,-13.3,86.3%
11/10/2023,Oakland,Illinois,Illinois,-17.6,94.7%
11/10/2023,Indiana St.,Alabama,Alabama,-19.1,95.7%
11/10/2023,Gardner Webb,Arkansas,Arkansas,-22,98.0%
11/10/2023,Grambling St.,Colorado,Colorado,-18.8,94.6%
11/10/2023,Tennessee Tech,Murray St.,Murray St.,-12,83.6%
11/10/2023,Eastern Washington,Mississippi,Mississippi,-14.1,87.8%
11/10/2023,Southeastern Louisiana,Auburn,Auburn,-23.2,97.6%
11/10/2023,Mississippi Valley St.,Oklahoma,Oklahoma,-30.4,99.7%
11/10/2023,Nicholls St.,LSU,LSU,-20.7,96.3%
11/10/2023,Alabama St.,Iowa,Iowa,-28.9,99.3%
11/10/2023,South Dakota,UT Rio Grande Valley,UT Rio Grande Valley,-1.2,46.1%
11/10/2023,Bellarmine,Kansas St.,Kansas St.,-16,91.0%
11/10/2023,Manhattan,Kansas,Kansas,-31.9,100.0%
11/10/2023,Harvard,Rice,Rice,-1.1,45.3%
11/10/2023,Queens,Southern Illinois,Southern Illinois,-7,68.9%
11/10/2023,Rider,Marquette,Marquette,-20.5,96.5%
11/10/2023,Dayton,Northwestern,Dayton,-0.8,61.9%
11/10/2023,Little Rock,Illinois Chicago,Illinois Chicago,-3.4,55.0%
11/10/2023,Southeast Missouri St.,Butler,Butler,-16.3,91.5%
11/10/2023,Temple*,Navy*,Temple,-6.2,73.4%
11/10/2023,Idaho St.,St. Thomas,St. Thomas,-9.3,78.7%
11/10/2023,Montana,Oregon,Oregon,-17.7,94.9%
11/10/2023,Wright St.,Colorado St.,Colorado St.,-8.1,72.9%
11/10/2023,Sacramento St.,Stanford,Stanford,-15.1,89.7%
11/10/2023,IUPUI,Valparaiso,Valparaiso,-7.2,75.8%
11/10/2023,San Diego St.,BYU,BYU,-0.2,44.1%
11/10/2023,Yale,Gonzaga,Gonzaga,-20.2,99.7%
11/10/2023,Memphis,Missouri,Memphis,-4.7,76.2%
11/10/2023,Tennessee,Wisconsin,Tennessee,-2.7,63.4%
11/10/2023,Delaware St.,Texas,Texas,-33.4,99.8%
11/10/2023,Virginia Tech*,South Carolina*,Virginia Tech,-8.5,82.8%
11/10/2023,Clemson,UAB,Clemson,-3.1,70.7%
11/10/2023,Jackson St.,Cal Baptist,Cal Baptist,-7,69.6%
11/10/2023,Prairie View A&M,Washington St.,Washington St.,-16.9,92.4%
11/10/2023,UC Riverside,Utah,Utah,-17.1,93.0%
11/10/2023,Lafayette,UCLA,UCLA,-26,98.8%
11/10/2023,Pacific,California,California,-6,64.7%
11/9/2023,Pepperdine,UC Davis,UC Davis,-1.4,46.4%
11/9/2023,Northwestern St.,Tulane,Tulane,-18.7,94.9%
11/9/2023,Southern Indiana,Michigan St.,Michigan St.,-26.9,99.1%
11/9/2023,American,William & Mary,William & Mary,-4.9,61.9%
11/9/2023,James Madison,Kent St.,Kent St.,-3.9,57.0%
11/9/2023,North Florida,Charleston Southern,North Florida,0,58.6%
11/9/2023,East Tennessee St.,Elon,East Tennessee St.,-1.5,64.7%
11/9/2023,Fairfield,Rhode Island,Rhode Island,-5.7,64.1%
11/9/2023,South Carolina St.,South Florida,South Florida,-16.4,93.3%
11/9/2023,Army,Stonehill,Army,-1.5,64.2%
11/9/2023,Tarleton St.,FIU,FIU,-3.3,55.0%
11/9/2023,Western Kentucky,Wichita St.,Wichita St.,-7.1,69.5%
11/9/2023,Utah Valley,Sam Houston St.,Sam Houston St.,-5,61.0%
11/9/2023,Howard,Georgia Tech,Georgia Tech,-11.4,82.1%
11/9/2023,Mercer,Chicago St.,Mercer,-9.3,87.6%
11/9/2023,Nebraska Omaha,TCU,TCU,-26.6,98.9%
11/9/2023,Alabama A&M,North Alabama,North Alabama,-7.4,74.4%
11/9/2023,Towson,Coppin St.,Towson,-10.3,89.4%
11/9/2023,Florida A&M,Nebraska,Nebraska,-21.1,96.7%
11/9/2023,Lamar,SMU,SMU,-24.5,98.1%
11/9/2023,Lindenwood,Iowa St.,Iowa St.,-25.8,98.6%
11/9/2023,Stephen F. Austin,Middle Tennessee,Middle Tennessee,-4.8,60.2%
11/9/2023,Cal Poly,Denver,Denver,-5.6,67.5%
11/9/2023,Cal St. Bakersfield,USC,USC,-23,97.8%
11/9/2023,Cal St. Northridge,Idaho,Cal St. Northridge,-2.3,67.5%
11/9/2023,Portland St.,UC Santa Barbara,UC Santa Barbara,-9.8,77.7%
11/9/2023,Saint Francis,San Francisco,San Francisco,-21.3,96.7%
11/9/2023,New Mexico,Saint Mary's,Saint Mary's,-7.5,76.1%
11/9/2023,Northern Kentucky,Washington,Washington,-15,90.2%
11/9/2023,Arizona,Duke,Duke,-2.3,89.1%
11/8/2023,Troy,Ohio,Ohio,-10.4,78.6%
11/8/2023,Canisius,Syracuse,Syracuse,-17,91.9%
11/8/2023,Bucknell,Penn,Penn,-8.8,75.4%
11/8/2023,Western Illinois,SMU,SMU,-20.5,95.4%
11/8/2023,Florida Atlantic*,Loyola Chicago*,Florida Atlantic,-3.8,65.1%
11/8/2023,Lipscomb,Drake,Drake,-11.4,81.2%
11/8/2023,Texas A&M Commerce,Texas Tech,Texas Tech,-24,97.6%
11/8/2023,Arizona St.*,Mississippi St.*,Mississippi St.,-3.9,66.2%
11/8/2023,Prairie View A&M,Seattle,Seattle,-10.1,78.8%
11/8/2023,Utah Tech,Santa Clara,Santa Clara,-11.2,80.8%
11/8/2023,Jackson St.,San Diego,San Diego,-5.7,64.3%
11/8/2023,Southern,UNLV,UNLV,-17.2,92.1%
11/7/2023,Drexel,La Salle,Drexel,-1.4,64.0%
11/7/2023,Florida Gulf Coast,Indiana,Indiana,-15.3,90.5%
11/7/2023,Albany,Massachusetts,Massachusetts,-12.5,84.5%
11/7/2023,Stony Brook,St. John's,St. John's,-16,90.6%
11/7/2023,Mount St. Mary's,Maryland,Maryland,-21,96.2%
11/7/2023,North Dakota,Iowa,Iowa,-24.4,97.9%
11/7/2023,Presbyterian,Vanderbilt,Vanderbilt,-17.8,92.8%
11/7/2023,Northern Iowa,North Texas,North Texas,-5.8,64.1%
11/7/2023,UNC Asheville,Michigan,Michigan,-16.2,92.7%
11/7/2023,Florida A&M,Creighton,Creighton,-26.7,98.6%
11/7/2023,Purdue Fort Wayne,DePaul,DePaul,-11.2,81.2%
11/7/2023,Auburn*,Baylor*,Baylor,-3.3,65.8%
11/7/2023,Sacramento St.,Nevada,Nevada,-17.4,92.3%
11/7/2023,UC Irvine,San Jose St.,UC Irvine,-4.3,73.7%
